,Unnamed: 0,Artist,Art,Entropy,Complexity,Year,Year_AVG
0,0,Amedeo_Modigliani,Amedeo_Modigliani_24.jpg,0.950490615,0.091421448,1884 - 1920,1902
1,1,Amedeo_Modigliani,Amedeo_Modigliani_30.jpg,0.954252144,0.084433114,1884 - 1920,1902
2,2,Amedeo_Modigliani,Amedeo_Modigliani_18.jpg,0.939378742,0.109580015,1884 - 1920,1902
3,3,Amedeo_Modigliani,Amedeo_Modigliani_184.jpg,0.968081383,0.059660325,1884 - 1920,1902
4,4,Amedeo_Modigliani,Amedeo_Modigliani_190.jpg,0.932895104,0.121095377,1884 - 1920,1902
5,5,Amedeo_Modigliani,Amedeo_Modigliani_147.jpg,0.965078714,0.064917209,1884 - 1920,1902
6,6,Amedeo_Modigliani,Amedeo_Modigliani_153.jpg,0.942439109,0.093973111,1884 - 1920,1902
7,7,Amedeo_Modigliani,Amedeo_Modigliani_152.jpg,0.976263928,0.044464963,1884 - 1920,1902
8,8,Amedeo_Modigliani,Amedeo_Modigliani_146.jpg,0.941416694,0.105308751,1884 - 1920,1902
9,9,Amedeo_Modigliani,Amedeo_Modigliani_191.jpg,0.915505795,0.148791559,1884 - 1920,1902
10,10,Amedeo_Modigliani,Amedeo_Modigliani_185.jpg,0.900006732,0.161186426,1884 - 1920,1902
11,11,Amedeo_Modigliani,Amedeo_Modigliani_19.jpg,0.968644583,0.058083662,1884 - 1920,1902
12,12,Vasiliy_Kandinskiy,Vasiliy_Kandinskiy_46.jpg,0.925632611,0.132475404,1866 - 1944,1905
13,13,Vasiliy_Kandinskiy,Vasiliy_Kandinskiy_52.jpg,0.988744058,0.020670199,1866 - 1944,1905
14,14,Vasiliy_Kandinskiy,Vasiliy_Kandinskiy_85.jpg,0.908958557,0.158885747,1866 - 1944,1905
15,15,Vasiliy_Kandinskiy,Vasiliy_Kandinskiy_9.jpg,0.951925348,0.085739486,1866 - 1944,1905
16,16,Vasiliy_Kandinskiy,Vasiliy_Kandinskiy_84.jpg,0.91427928,0.14544875,1866 - 1944,1905
17,17,Vasiliy_Kandinskiy,Vasiliy_Kandinskiy_8.jpg,0.958923055,0.073396791,1866 - 1944,1905
18,18,Vasiliy_Kandinskiy,Vasiliy_Kandinskiy_53.jpg,0.946183568,0.099674844,1866 - 1944,1905
19,19,Vasiliy_Kandinskiy,Vasiliy_Kandinskiy_47.jpg,0.943091706,0.102047544,1866 - 1944,1905
20,20,Vasiliy_Kandinskiy,Vasiliy_Kandinskiy_51.jpg,0.961637315,0.070287978,1866 - 1944,1905
21,21,Vasiliy_Kandinskiy,Vasiliy_Kandinskiy_45.jpg,0.967222783,0.055533978,1866 - 1944,1905
22,22,Vasiliy_Kandinskiy,Vasiliy_Kandinskiy_79.jpg,0.934636722,0.112581854,1866 - 1944,1905
23,23,Vasiliy_Kandinskiy,Vasiliy_Kandinskiy_86.jpg,0.951222783,0.082538834,1866 - 1944,1905
24,24,Diego_Rivera,Diego_Rivera_38.jpg,0.950564982,0.091217909,1886 - 1957,1921
25,25,Diego_Rivera,Diego_Rivera_10.jpg,0.936948344,0.11610181,1886 - 1957,1921
26,26,Diego_Rivera,Diego_Rivera_11.jpg,0.972432994,0.052161661,1886 - 1957,1921
27,27,Diego_Rivera,Diego_Rivera_39.jpg,0.977845314,0.041522172,1886 - 1957,1921
28,28,Diego_Rivera,Diego_Rivera_1.jpg,0.958713083,0.076761947,1886 - 1957,1921
29,29,Diego_Rivera,Diego_Rivera_3.jpg,0.978920135,0.039834824,1886 - 1957,1921
30,30,Diego_Rivera,Diego_Rivera_13.jpg,0.974554332,0.048222512,1886 - 1957,1921
31,31,Diego_Rivera,Diego_Rivera_12.jpg,0.972930708,0.051305457,1886 - 1957,1921
32,32,Diego_Rivera,Diego_Rivera_2.jpg,0.937488029,0.116594007,1886 - 1957,1921
33,33,Diego_Rivera,Diego_Rivera_6.jpg,0.933386507,0.122381037,1886 - 1957,1921
34,34,Diego_Rivera,Diego_Rivera_16.jpg,0.965522107,0.064991675,1886 - 1957,1921
35,35,Diego_Rivera,Diego_Rivera_17.jpg,0.947263556,0.096729258,1886 - 1957,1921
36,36,Claude_Monet,Claude_Monet_42.jpg,0.973777727,0.04830897,1840 - 1926,1883
37,37,Claude_Monet,Claude_Monet_56.jpg,0.907910018,0.151850685,1840 - 1926,1883
38,38,Claude_Monet,Claude_Monet_7.jpg,0.969876918,0.057159125,1840 - 1926,1883
39,39,Claude_Monet,Claude_Monet_6.jpg,0.949542859,0.094575173,1840 - 1926,1883
40,40,Claude_Monet,Claude_Monet_57.jpg,0.960551687,0.074962875,1840 - 1926,1883
41,41,Claude_Monet,Claude_Monet_43.jpg,0.963343505,0.068481028,1840 - 1926,1883
42,42,Claude_Monet,Claude_Monet_69.jpg,0.95400341,0.085586942,1840 - 1926,1883
43,43,Claude_Monet,Claude_Monet_55.jpg,0.946495059,0.095136539,1840 - 1926,1883
44,44,Claude_Monet,Claude_Monet_41.jpg,0.955713349,0.082005252,1840 - 1926,1883
45,45,Claude_Monet,Claude_Monet_4.jpg,0.974058485,0.048985954,1840 - 1926,1883
46,46,Claude_Monet,Claude_Monet_5.jpg,0.928752031,0.130182312,1840 - 1926,1883
47,47,Claude_Monet,Claude_Monet_40.jpg,0.974281743,0.048084896,1840 - 1926,1883
48,48,Rene_Magritte,Rene_Magritte_55.jpg,0.925387538,0.131539768,1898 - 1967,1932
49,49,Rene_Magritte,Rene_Magritte_165.jpg,0.936243095,0.114341487,1898 - 1967,1932
50,50,Rene_Magritte,Rene_Magritte_171.jpg,0.923216678,0.134127829,1898 - 1967,1932
51,51,Rene_Magritte,Rene_Magritte_41.jpg,0.916756959,0.148358675,1898 - 1967,1932
52,52,Rene_Magritte,Rene_Magritte_159.jpg,0.886506426,0.185952296,1898 - 1967,1932
53,53,Rene_Magritte,Rene_Magritte_69.jpg,0.87093174,0.217750147,1898 - 1967,1932
54,54,Rene_Magritte,Rene_Magritte_96.jpg,0.947403165,0.095043594,1898 - 1967,1932
55,55,Rene_Magritte,Rene_Magritte_82.jpg,0.901197301,0.164731902,1898 - 1967,1932
56,56,Rene_Magritte,Rene_Magritte_83.jpg,0.786964978,0.263059928,1898 - 1967,1932
57,57,Rene_Magritte,Rene_Magritte_97.jpg,0.850228888,0.232935077,1898 - 1967,1932
58,58,Rene_Magritte,Rene_Magritte_68.jpg,0.981590117,0.034751431,1898 - 1967,1932
59,59,Rene_Magritte,Rene_Magritte_158.jpg,0.937365853,0.114980448,1898 - 1967,1932
60,60,Salvador_Dali,Salvador_Dali_65.jpg,0.919004025,0.14617134,1904 - 1989,1946
61,61,Salvador_Dali,Salvador_Dali_71.jpg,0.907360226,0.163055574,1904 - 1989,1946
62,62,Salvador_Dali,Salvador_Dali_59.jpg,0.937041037,0.109956614,1904 - 1989,1946
63,63,Salvador_Dali,Salvador_Dali_116.jpg,0.934525405,0.119995011,1904 - 1989,1946
64,64,Salvador_Dali,Salvador_Dali_102.jpg,0.935643182,0.115851579,1904 - 1989,1946
65,65,Salvador_Dali,Salvador_Dali_2.jpg,0.927418673,0.126207073,1904 - 1989,1946
66,66,Salvador_Dali,Salvador_Dali_3.jpg,0.938956208,0.111523882,1904 - 1989,1946
67,67,Salvador_Dali,Salvador_Dali_103.jpg,0.922876299,0.137033727,1904 - 1989,1946
68,68,Salvador_Dali,Salvador_Dali_117.jpg,0.977967773,0.042000542,1904 - 1989,1946
69,69,Salvador_Dali,Salvador_Dali_58.jpg,0.965981511,0.062144978,1904 - 1989,1946
70,70,Salvador_Dali,Salvador_Dali_70.jpg,0.912714222,0.143156959,1904 - 1989,1946
71,71,Salvador_Dali,Salvador_Dali_64.jpg,0.897458342,0.165916614,1904 - 1989,1946
72,72,Edouard_Manet,Edouard_Manet_57.jpg,0.978414603,0.040327657,1832 - 1883,1857
73,73,Edouard_Manet,Edouard_Manet_43.jpg,0.944420205,0.099740692,1832 - 1883,1857
74,74,Edouard_Manet,Edouard_Manet_80.jpg,0.956177441,0.081989311,1832 - 1883,1857
75,75,Edouard_Manet,Edouard_Manet_81.jpg,0.978390881,0.040611993,1832 - 1883,1857
76,76,Edouard_Manet,Edouard_Manet_42.jpg,0.974956006,0.047445464,1832 - 1883,1857
77,77,Edouard_Manet,Edouard_Manet_56.jpg,0.953903225,0.084996736,1832 - 1883,1857
78,78,Edouard_Manet,Edouard_Manet_68.jpg,0.935935419,0.112801496,1832 - 1883,1857
79,79,Edouard_Manet,Edouard_Manet_40.jpg,0.946481323,0.092293807,1832 - 1883,1857
80,80,Edouard_Manet,Edouard_Manet_54.jpg,0.957814014,0.07823631,1832 - 1883,1857
81,81,Edouard_Manet,Edouard_Manet_83.jpg,0.968378313,0.059802898,1832 - 1883,1857
82,82,Edouard_Manet,Edouard_Manet_82.jpg,0.983737289,0.030391508,1832 - 1883,1857
83,83,Edouard_Manet,Edouard_Manet_55.jpg,0.956201631,0.081442114,1832 - 1883,1857
84,84,Andrei_Rublev,Andrei_Rublev_67.jpg,0.970916695,0.055068129,1360 - 1430,1395
85,85,Andrei_Rublev,Andrei_Rublev_73.jpg,0.96529648,0.06435168,1360 - 1430,1395
86,86,Andrei_Rublev,Andrei_Rublev_98.jpg,0.922541685,0.135582482,1360 - 1430,1395
87,87,Andrei_Rublev,Andrei_Rublev_99.jpg,0.983081984,0.032229109,1360 - 1430,1395
88,88,Andrei_Rublev,Andrei_Rublev_72.jpg,0.972628609,0.051579657,1360 - 1430,1395
89,89,Andrei_Rublev,Andrei_Rublev_66.jpg,0.951708264,0.090741705,1360 - 1430,1395
90,90,Andrei_Rublev,Andrei_Rublev_58.jpg,0.924803006,0.132640656,1360 - 1430,1395
91,91,Andrei_Rublev,Andrei_Rublev_70.jpg,0.976875254,0.044237341,1360 - 1430,1395
92,92,Andrei_Rublev,Andrei_Rublev_64.jpg,0.967828704,0.060400362,1360 - 1430,1395
93,93,Andrei_Rublev,Andrei_Rublev_65.jpg,0.980020032,0.037984737,1360 - 1430,1395
94,94,Andrei_Rublev,Andrei_Rublev_71.jpg,0.96723596,0.061857322,1360 - 1430,1395
95,95,Andrei_Rublev,Andrei_Rublev_59.jpg,0.953664175,0.086524198,1360 - 1430,1395
96,96,Vincent_van_Gogh,Vincent_van_Gogh_388.jpg,0.946223356,0.100259069,1853 - 1890,1871
97,97,Vincent_van_Gogh,Vincent_van_Gogh_439.jpg,0.925811743,0.132330623,1853 - 1890,1871
98,98,Vincent_van_Gogh,Vincent_van_Gogh_377.jpg,0.979110229,0.039396302,1853 - 1890,1871
99,99,Vincent_van_Gogh,Vincent_van_Gogh_411.jpg,0.97669853,0.043626984,1853 - 1890,1871
100,100,Vincent_van_Gogh,Vincent_van_Gogh_405.jpg,0.971364911,0.054646098,1853 - 1890,1871
101,101,Vincent_van_Gogh,Vincent_van_Gogh_363.jpg,0.97692222,0.043669642,1853 - 1890,1871
102,102,Vincent_van_Gogh,Vincent_van_Gogh_834.jpg,0.898469317,0.183743214,1853 - 1890,1871
103,103,Vincent_van_Gogh,Vincent_van_Gogh_820.jpg,0.95780808,0.079172885,1853 - 1890,1871
104,104,Vincent_van_Gogh,Vincent_van_Gogh_808.jpg,0.926614894,0.130964408,1853 - 1890,1871
105,105,Vincent_van_Gogh,Vincent_van_Gogh_27.jpg,0.933926838,0.120962743,1853 - 1890,1871
106,106,Vincent_van_Gogh,Vincent_van_Gogh_149.jpg,0.962711251,0.07086976,1853 - 1890,1871
107,107,Vincent_van_Gogh,Vincent_van_Gogh_33.jpg,0.995742816,0.007910312,1853 - 1890,1871
108,108,Gustav_Klimt,Gustav_Klimt_113.jpg,0.942278366,0.108132803,1862 - 1918,1890
109,109,Gustav_Klimt,Gustav_Klimt_107.jpg,0.881499348,0.183117233,1862 - 1918,1890
110,110,Gustav_Klimt,Gustav_Klimt_25.jpg,0.920953211,0.141103169,1862 - 1918,1890
111,111,Gustav_Klimt,Gustav_Klimt_31.jpg,0.949690869,0.09106741,1862 - 1918,1890
112,112,Gustav_Klimt,Gustav_Klimt_19.jpg,0.957874764,0.078294603,1862 - 1918,1890
113,113,Gustav_Klimt,Gustav_Klimt_4.jpg,0.764418362,0.287713167,1862 - 1918,1890
114,114,Gustav_Klimt,Gustav_Klimt_5.jpg,0.998374779,0.003052802,1862 - 1918,1890
115,115,Gustav_Klimt,Gustav_Klimt_18.jpg,0.954221194,0.084990282,1862 - 1918,1890
116,116,Gustav_Klimt,Gustav_Klimt_30.jpg,0.908871446,0.15895192,1862 - 1918,1890
117,117,Gustav_Klimt,Gustav_Klimt_24.jpg,0.932098417,0.122405386,1862 - 1918,1890
118,118,Gustav_Klimt,Gustav_Klimt_106.jpg,0.960509823,0.072402361,1862 - 1918,1890
119,119,Gustav_Klimt,Gustav_Klimt_112.jpg,0.973698898,0.049130322,1862 - 1918,1890
120,120,Hieronymus_Bosch,Hieronymus_Bosch_25.jpg,0.960120557,0.07277718,1450 - 1516,1483
121,121,Hieronymus_Bosch,Hieronymus_Bosch_31.jpg,0.872976421,0.174834506,1450 - 1516,1483
122,122,Hieronymus_Bosch,Hieronymus_Bosch_19.jpg,0.938835291,0.11309037,1450 - 1516,1483
123,123,Hieronymus_Bosch,Hieronymus_Bosch_18.jpg,0.966320982,0.063272404,1450 - 1516,1483
124,124,Hieronymus_Bosch,Hieronymus_Bosch_30.jpg,0.982349647,0.033593698,1450 - 1516,1483
125,125,Hieronymus_Bosch,Hieronymus_Bosch_24.jpg,0.987396822,0.023926714,1450 - 1516,1483
126,126,Hieronymus_Bosch,Hieronymus_Bosch_32.jpg,0.987482987,0.02359211,1450 - 1516,1483
127,127,Hieronymus_Bosch,Hieronymus_Bosch_26.jpg,0.952303191,0.08790719,1450 - 1516,1483
128,128,Hieronymus_Bosch,Hieronymus_Bosch_27.jpg,0.921281736,0.127673213,1450 - 1516,1483
129,129,Hieronymus_Bosch,Hieronymus_Bosch_33.jpg,0.964138335,0.065462736,1450 - 1516,1483
130,130,Hieronymus_Bosch,Hieronymus_Bosch_37.jpg,0.955392891,0.082232333,1450 - 1516,1483
131,131,Hieronymus_Bosch,Hieronymus_Bosch_23.jpg,0.906903739,0.136025792,1450 - 1516,1483
132,132,Kazimir_Malevich,Kazimir_Malevich_112.jpg,0.993229911,0.012655978,1879 - 1935,1907
133,133,Kazimir_Malevich,Kazimir_Malevich_106.jpg,0.933789589,0.113033065,1879 - 1935,1907
134,134,Kazimir_Malevich,Kazimir_Malevich_79.jpg,0.985480036,0.027502054,1879 - 1935,1907
135,135,Kazimir_Malevich,Kazimir_Malevich_51.jpg,0.981820984,0.033838496,1879 - 1935,1907
136,136,Kazimir_Malevich,Kazimir_Malevich_45.jpg,0.951601524,0.079921153,1879 - 1935,1907
137,137,Kazimir_Malevich,Kazimir_Malevich_92.jpg,0.961618304,0.071690064,1879 - 1935,1907
138,138,Kazimir_Malevich,Kazimir_Malevich_86.jpg,0.976903618,0.043593247,1879 - 1935,1907
139,139,Kazimir_Malevich,Kazimir_Malevich_87.jpg,0.96101069,0.070874159,1879 - 1935,1907
140,140,Kazimir_Malevich,Kazimir_Malevich_93.jpg,0.989748535,0.01937396,1879 - 1935,1907
141,141,Kazimir_Malevich,Kazimir_Malevich_44.jpg,0.992255825,0.014507284,1879 - 1935,1907
142,142,Kazimir_Malevich,Kazimir_Malevich_50.jpg,0.975744878,0.044999734,1879 - 1935,1907
143,143,Kazimir_Malevich,Kazimir_Malevich_78.jpg,0.98269136,0.032075243,1879 - 1935,1907
144,144,Mikhail_Vrubel,Mikhail_Vrubel_133.jpg,0.949612513,0.091857177,1856 - 1910,1883
145,145,Mikhail_Vrubel,Mikhail_Vrubel_127.jpg,0.95788897,0.078536548,1856 - 1910,1883
146,146,Mikhail_Vrubel,Mikhail_Vrubel_11.jpg,0.958459302,0.077785288,1856 - 1910,1883
147,147,Mikhail_Vrubel,Mikhail_Vrubel_39.jpg,0.966509338,0.060972213,1856 - 1910,1883
148,148,Mikhail_Vrubel,Mikhail_Vrubel_38.jpg,0.973804032,0.049063158,1856 - 1910,1883
149,149,Mikhail_Vrubel,Mikhail_Vrubel_10.jpg,0.976470285,0.044766336,1856 - 1910,1883
150,150,Mikhail_Vrubel,Mikhail_Vrubel_126.jpg,0.953142853,0.085052922,1856 - 1910,1883
151,151,Mikhail_Vrubel,Mikhail_Vrubel_132.jpg,0.977422335,0.041872608,1856 - 1910,1883
152,152,Mikhail_Vrubel,Mikhail_Vrubel_118.jpg,0.954720437,0.08411866,1856 - 1910,1883
153,153,Mikhail_Vrubel,Mikhail_Vrubel_124.jpg,0.967817028,0.059744786,1856 - 1910,1883
154,154,Mikhail_Vrubel,Mikhail_Vrubel_130.jpg,0.963541604,0.068562317,1856 - 1910,1883
155,155,Mikhail_Vrubel,Mikhail_Vrubel_12.jpg,0.991235168,0.016464186,1856 - 1910,1883
156,156,Pablo_Picasso,Pablo_Picasso_7.jpg,0.885255515,0.177427605,1881 - 1973,1927
157,157,Pablo_Picasso,Pablo_Picasso_232.jpg,0.916452819,0.141292433,1881 - 1973,1927
158,158,Pablo_Picasso,Pablo_Picasso_226.jpg,0.945471454,0.100242203,1881 - 1973,1927
159,159,Pablo_Picasso,Pablo_Picasso_346.jpg,0.964753707,0.066321227,1881 - 1973,1927
160,160,Pablo_Picasso,Pablo_Picasso_420.jpg,0.966432224,0.063281059,1881 - 1973,1927
161,161,Pablo_Picasso,Pablo_Picasso_87.jpg,0.965737376,0.064199126,1881 - 1973,1927
162,162,Pablo_Picasso,Pablo_Picasso_434.jpg,0.974324387,0.048678512,1881 - 1973,1927
163,163,Pablo_Picasso,Pablo_Picasso_93.jpg,0.965706726,0.064382928,1881 - 1973,1927
164,164,Pablo_Picasso,Pablo_Picasso_352.jpg,0.700648885,0.275182151,1881 - 1973,1927
165,165,Pablo_Picasso,Pablo_Picasso_408.jpg,0.966916443,0.061616215,1881 - 1973,1927
166,166,Pablo_Picasso,Pablo_Picasso_385.jpg,0.948912406,0.090777421,1881 - 1973,1927
167,167,Pablo_Picasso,Pablo_Picasso_44.jpg,0.949128135,0.094008654,1881 - 1973,1927
168,168,Peter_Paul_Rubens,Peter_Paul_Rubens_2.jpg,0.917206856,0.146018722,1577 - 1640,1608
169,169,Peter_Paul_Rubens,Peter_Paul_Rubens_42.jpg,0.925023832,0.138346021,1577 - 1640,1608
170,170,Peter_Paul_Rubens,Peter_Paul_Rubens_56.jpg,0.8960739,0.171611606,1577 - 1640,1608
171,171,Peter_Paul_Rubens,Peter_Paul_Rubens_81.jpg,0.930668792,0.125760181,1577 - 1640,1608
172,172,Peter_Paul_Rubens,Peter_Paul_Rubens_95.jpg,0.927753951,0.130187946,1577 - 1640,1608
173,173,Peter_Paul_Rubens,Peter_Paul_Rubens_111.jpg,0.943295529,0.105538578,1577 - 1640,1608
174,174,Peter_Paul_Rubens,Peter_Paul_Rubens_105.jpg,0.941500066,0.106169492,1577 - 1640,1608
175,175,Peter_Paul_Rubens,Peter_Paul_Rubens_139.jpg,0.94639331,0.099995094,1577 - 1640,1608
176,176,Peter_Paul_Rubens,Peter_Paul_Rubens_138.jpg,0.925620883,0.134540931,1577 - 1640,1608
177,177,Peter_Paul_Rubens,Peter_Paul_Rubens_104.jpg,0.914493145,0.148102874,1577 - 1640,1608
178,178,Peter_Paul_Rubens,Peter_Paul_Rubens_110.jpg,0.908183804,0.163518802,1577 - 1640,1608
179,179,Peter_Paul_Rubens,Peter_Paul_Rubens_94.jpg,0.950331856,0.091652207,1577 - 1640,1608
180,180,Pierre-Auguste_Renoir,Pierre-Auguste_Renoir_138.jpg,0.983378933,0.031402659,1841 - 1919,1880
181,181,Pierre-Auguste_Renoir,Pierre-Auguste_Renoir_104.jpg,0.911570699,0.162073043,1841 - 1919,1880
182,182,Pierre-Auguste_Renoir,Pierre-Auguste_Renoir_110.jpg,0.988630676,0.0213714,1841 - 1919,1880
183,183,Pierre-Auguste_Renoir,Pierre-Auguste_Renoir_306.jpg,0.952179618,0.088766883,1841 - 1919,1880
184,184,Pierre-Auguste_Renoir,Pierre-Auguste_Renoir_312.jpg,0.937185733,0.114834759,1841 - 1919,1880
185,185,Pierre-Auguste_Renoir,Pierre-Auguste_Renoir_272.jpg,0.952734967,0.087837991,1841 - 1919,1880
186,186,Pierre-Auguste_Renoir,Pierre-Auguste_Renoir_266.jpg,0.931016182,0.120932751,1841 - 1919,1880
187,187,Pierre-Auguste_Renoir,Pierre-Auguste_Renoir_299.jpg,0.96501946,0.064191736,1841 - 1919,1880
188,188,Pierre-Auguste_Renoir,Pierre-Auguste_Renoir_88.jpg,0.969753514,0.05736384,1841 - 1919,1880
189,189,Pierre-Auguste_Renoir,Pierre-Auguste_Renoir_77.jpg,0.978024415,0.040691275,1841 - 1919,1880
190,190,Pierre-Auguste_Renoir,Pierre-Auguste_Renoir_63.jpg,0.918433396,0.147387032,1841 - 1919,1880
191,191,Pierre-Auguste_Renoir,Pierre-Auguste_Renoir_62.jpg,0.950105438,0.093185491,1841 - 1919,1880
192,192,Francisco_Goya,Francisco_Goya_172.jpg,0.922033107,0.134108489,1746 - 1828,1787
193,193,Francisco_Goya,Francisco_Goya_166.jpg,0.934054114,0.121891765,1746 - 1828,1787
194,194,Francisco_Goya,Francisco_Goya_199.jpg,0.815791649,0.255269515,1746 - 1828,1787
195,195,Francisco_Goya,Francisco_Goya_238.jpg,0.942232105,0.105630273,1746 - 1828,1787
196,196,Francisco_Goya,Francisco_Goya_26.jpg,0.794441295,0.233572852,1746 - 1828,1787
197,197,Francisco_Goya,Francisco_Goya_204.jpg,0.961583146,0.07204129,1746 - 1828,1787
198,198,Francisco_Goya,Francisco_Goya_210.jpg,0.967292865,0.061157232,1746 - 1828,1787
199,199,Francisco_Goya,Francisco_Goya_32.jpg,0.934660675,0.118317561,1746 - 1828,1787
200,200,Francisco_Goya,Francisco_Goya_211.jpg,0.961501775,0.072587498,1746 - 1828,1787
201,201,Francisco_Goya,Francisco_Goya_33.jpg,0.956300934,0.081624895,1746 - 1828,1787
202,202,Francisco_Goya,Francisco_Goya_27.jpg,0.939643974,0.101416427,1746 - 1828,1787
203,203,Francisco_Goya,Francisco_Goya_205.jpg,0.91919397,0.146159628,1746 - 1828,1787
204,204,Frida_Kahlo,Frida_Kahlo_35.jpg,0.950040695,0.091344411,1907 - 1954,1930
205,205,Frida_Kahlo,Frida_Kahlo_21.jpg,0.945620639,0.099404928,1907 - 1954,1930
206,206,Frida_Kahlo,Frida_Kahlo_20.jpg,0.928925406,0.125676594,1907 - 1954,1930
207,207,Frida_Kahlo,Frida_Kahlo_34.jpg,0.96223539,0.070364907,1907 - 1954,1930
208,208,Frida_Kahlo,Frida_Kahlo_22.jpg,0.846775313,0.203385049,1907 - 1954,1930
209,209,Frida_Kahlo,Frida_Kahlo_36.jpg,0.938047495,0.108117556,1907 - 1954,1930
210,210,Frida_Kahlo,Frida_Kahlo_118.jpg,0.980025702,0.037545006,1907 - 1954,1930
211,211,Frida_Kahlo,Frida_Kahlo_119.jpg,0.944066755,0.10206241,1907 - 1954,1930
212,212,Frida_Kahlo,Frida_Kahlo_37.jpg,0.937370824,0.115854595,1907 - 1954,1930
213,213,Frida_Kahlo,Frida_Kahlo_23.jpg,0.984043596,0.030028297,1907 - 1954,1930
214,214,Frida_Kahlo,Frida_Kahlo_27.jpg,0.981877248,0.034247235,1907 - 1954,1930
215,215,Frida_Kahlo,Frida_Kahlo_33.jpg,0.944617493,0.098987602,1907 - 1954,1930
216,216,El_Greco,El_Greco_67.jpg,0.954397027,0.082458014,1541 - 1614,1577
217,217,El_Greco,El_Greco_73.jpg,0.966302765,0.062042682,1541 - 1614,1577
218,218,El_Greco,El_Greco_72.jpg,0.933644772,0.110199987,1541 - 1614,1577
219,219,El_Greco,El_Greco_66.jpg,0.954222027,0.085672634,1541 - 1614,1577
220,220,El_Greco,El_Greco_70.jpg,0.960553657,0.073303747,1541 - 1614,1577
221,221,El_Greco,El_Greco_64.jpg,0.958695217,0.077414894,1541 - 1614,1577
222,222,El_Greco,El_Greco_58.jpg,0.944853411,0.101682462,1541 - 1614,1577
223,223,El_Greco,El_Greco_9.jpg,0.938749549,0.108475054,1541 - 1614,1577
224,224,El_Greco,El_Greco_8.jpg,0.981402539,0.035173094,1541 - 1614,1577
225,225,El_Greco,El_Greco_59.jpg,0.961894236,0.071191008,1541 - 1614,1577
226,226,El_Greco,El_Greco_65.jpg,0.940401743,0.111227743,1541 - 1614,1577
227,227,El_Greco,El_Greco_71.jpg,0.968684748,0.058289067,1541 - 1614,1577
228,228,Alfred_Sisley,Alfred_Sisley_213.jpg,0.97624812,0.045058322,1839 - 1899,1869
229,229,Alfred_Sisley,Alfred_Sisley_207.jpg,0.962756192,0.070734835,1839 - 1899,1869
230,230,Alfred_Sisley,Alfred_Sisley_16.jpg,0.924923286,0.134353145,1839 - 1899,1869
231,231,Alfred_Sisley,Alfred_Sisley_165.jpg,0.94838475,0.092653307,1839 - 1899,1869
232,232,Alfred_Sisley,Alfred_Sisley_171.jpg,0.963522888,0.068554106,1839 - 1899,1869
233,233,Alfred_Sisley,Alfred_Sisley_159.jpg,0.962780356,0.065953735,1839 - 1899,1869
234,234,Alfred_Sisley,Alfred_Sisley_158.jpg,0.963097745,0.069134661,1839 - 1899,1869
235,235,Alfred_Sisley,Alfred_Sisley_170.jpg,0.952780949,0.087676811,1839 - 1899,1869
236,236,Alfred_Sisley,Alfred_Sisley_164.jpg,0.920519418,0.144708853,1839 - 1899,1869
237,237,Alfred_Sisley,Alfred_Sisley_17.jpg,0.956809272,0.080398603,1839 - 1899,1869
238,238,Alfred_Sisley,Alfred_Sisley_206.jpg,0.968568825,0.057317548,1839 - 1899,1869
239,239,Alfred_Sisley,Alfred_Sisley_212.jpg,0.924718845,0.134704181,1839 - 1899,1869
240,240,Pieter_Bruegel,Pieter_Bruegel_19.jpg,0.969688062,0.057844311,1525 - 1569,1547
241,241,Pieter_Bruegel,Pieter_Bruegel_31.jpg,0.970388203,0.054860678,1525 - 1569,1547
242,242,Pieter_Bruegel,Pieter_Bruegel_25.jpg,0.978033927,0.041567901,1525 - 1569,1547
243,243,Pieter_Bruegel,Pieter_Bruegel_108.jpg,0.965583625,0.065486745,1525 - 1569,1547
244,244,Pieter_Bruegel,Pieter_Bruegel_134.jpg,0.983464977,0.031317611,1525 - 1569,1547
245,245,Pieter_Bruegel,Pieter_Bruegel_120.jpg,0.981189973,0.034726536,1525 - 1569,1547
246,246,Pieter_Bruegel,Pieter_Bruegel_121.jpg,0.963567569,0.068599262,1525 - 1569,1547
247,247,Pieter_Bruegel,Pieter_Bruegel_109.jpg,0.974163441,0.049177236,1525 - 1569,1547
248,248,Pieter_Bruegel,Pieter_Bruegel_24.jpg,0.980240015,0.036213503,1525 - 1569,1547
249,249,Pieter_Bruegel,Pieter_Bruegel_30.jpg,0.988957611,0.021052166,1525 - 1569,1547
250,250,Pieter_Bruegel,Pieter_Bruegel_18.jpg,0.924386476,0.134781265,1525 - 1569,1547
251,251,Pieter_Bruegel,Pieter_Bruegel_26.jpg,0.983276824,0.031570001,1525 - 1569,1547
252,252,Marc_Chagall,Marc_Chagall_65.jpg,0.920375061,0.136403447,1887 - 1985,1936
253,253,Marc_Chagall,Marc_Chagall_71.jpg,0.971087057,0.053196566,1887 - 1985,1936
254,254,Marc_Chagall,Marc_Chagall_59.jpg,0.897103323,0.160322388,1887 - 1985,1936
255,255,Marc_Chagall,Marc_Chagall_108.jpg,0.981134229,0.03547944,1887 - 1985,1936
256,256,Marc_Chagall,Marc_Chagall_120.jpg,0.940961696,0.102621935,1887 - 1985,1936
257,257,Marc_Chagall,Marc_Chagall_134.jpg,0.93456671,0.120082764,1887 - 1985,1936
258,258,Marc_Chagall,Marc_Chagall_135.jpg,0.973851461,0.049516215,1887 - 1985,1936
259,259,Marc_Chagall,Marc_Chagall_121.jpg,0.970748232,0.055107357,1887 - 1985,1936
260,260,Marc_Chagall,Marc_Chagall_109.jpg,0.942594441,0.097182971,1887 - 1985,1936
261,261,Marc_Chagall,Marc_Chagall_58.jpg,0.944441568,0.099687342,1887 - 1985,1936
262,262,Marc_Chagall,Marc_Chagall_70.jpg,0.975637059,0.045778961,1887 - 1985,1936
263,263,Marc_Chagall,Marc_Chagall_64.jpg,0.91125926,0.141438673,1887 - 1985,1936
264,264,Giotto_di_Bondone,Giotto_di_Bondone_39.jpg,0.941870588,0.108785135,1266 - 1337,1301
265,265,Giotto_di_Bondone,Giotto_di_Bondone_11.jpg,0.947701641,0.097438339,1266 - 1337,1301
266,266,Giotto_di_Bondone,Giotto_di_Bondone_10.jpg,0.950924326,0.091319512,1266 - 1337,1301
267,267,Giotto_di_Bondone,Giotto_di_Bondone_38.jpg,0.93523961,0.12031798,1266 - 1337,1301
268,268,Giotto_di_Bondone,Giotto_di_Bondone_12.jpg,0.960008772,0.075169492,1266 - 1337,1301
269,269,Giotto_di_Bondone,Giotto_di_Bondone_13.jpg,0.974694072,0.047828316,1266 - 1337,1301
270,270,Giotto_di_Bondone,Giotto_di_Bondone_17.jpg,0.950005321,0.093721379,1266 - 1337,1301
271,271,Giotto_di_Bondone,Giotto_di_Bondone_16.jpg,0.950259701,0.093533403,1266 - 1337,1301
272,272,Giotto_di_Bondone,Giotto_di_Bondone_14.jpg,0.952938158,0.089057152,1266 - 1337,1301
273,273,Giotto_di_Bondone,Giotto_di_Bondone_28.jpg,0.9368703,0.117222683,1266 - 1337,1301
274,274,Giotto_di_Bondone,Giotto_di_Bondone_29.jpg,0.946424672,0.100610183,1266 - 1337,1301
275,275,Giotto_di_Bondone,Giotto_di_Bondone_15.jpg,0.945707069,0.10138276,1266 - 1337,1301
276,276,Sandro_Botticelli,Sandro_Botticelli_127.jpg,0.947630735,0.095466078,1445 - 1510,1477
277,277,Sandro_Botticelli,Sandro_Botticelli_133.jpg,0.943585366,0.103651709,1445 - 1510,1477
278,278,Sandro_Botticelli,Sandro_Botticelli_20.jpg,0.931482849,0.125853477,1445 - 1510,1477
279,279,Sandro_Botticelli,Sandro_Botticelli_34.jpg,0.962803238,0.068965123,1445 - 1510,1477
280,280,Sandro_Botticelli,Sandro_Botticelli_35.jpg,0.950749276,0.090000872,1445 - 1510,1477
281,281,Sandro_Botticelli,Sandro_Botticelli_21.jpg,0.986343472,0.026089677,1445 - 1510,1477
282,282,Sandro_Botticelli,Sandro_Botticelli_132.jpg,0.904459767,0.165940449,1445 - 1510,1477
283,283,Sandro_Botticelli,Sandro_Botticelli_126.jpg,0.974807799,0.047728357,1445 - 1510,1477
284,284,Sandro_Botticelli,Sandro_Botticelli_130.jpg,0.934273894,0.120795652,1445 - 1510,1477
285,285,Sandro_Botticelli,Sandro_Botticelli_124.jpg,0.963511352,0.069006489,1445 - 1510,1477
286,286,Sandro_Botticelli,Sandro_Botticelli_118.jpg,0.67985717,0.287470053,1445 - 1510,1477
287,287,Sandro_Botticelli,Sandro_Botticelli_37.jpg,0.94515165,0.100442038,1445 - 1510,1477
288,288,Caravaggio,Caravaggio_31.jpg,0.865165188,0.196219218,1571 - 1610,1590
289,289,Caravaggio,Caravaggio_25.jpg,0.867834633,0.172027125,1571 - 1610,1590
290,290,Caravaggio,Caravaggio_19.jpg,0.943608832,0.103117253,1571 - 1610,1590
291,291,Caravaggio,Caravaggio_18.jpg,0.87197738,0.199883266,1571 - 1610,1590
292,292,Caravaggio,Caravaggio_24.jpg,0.923269874,0.136006527,1571 - 1610,1590
293,293,Caravaggio,Caravaggio_30.jpg,0.932981833,0.121051553,1571 - 1610,1590
294,294,Caravaggio,Caravaggio_26.jpg,0.93284437,0.12198212,1571 - 1610,1590
295,295,Caravaggio,Caravaggio_32.jpg,0.951207329,0.089588402,1571 - 1610,1590
296,296,Caravaggio,Caravaggio_33.jpg,0.945646885,0.09992854,1571 - 1610,1590
297,297,Caravaggio,Caravaggio_27.jpg,0.768654079,0.28218587,1571 - 1610,1590
298,298,Caravaggio,Caravaggio_23.jpg,0.918075204,0.144638994,1571 - 1610,1590
299,299,Caravaggio,Caravaggio_37.jpg,0.876772219,0.207767186,1571 - 1610,1590
300,300,Leonardo_da_Vinci,Leonardo_da_Vinci_19.jpg,0.93994254,0.111096593,1452 - 1519,1485
301,301,Leonardo_da_Vinci,Leonardo_da_Vinci_25.jpg,0.956397884,0.080293021,1452 - 1519,1485
302,302,Leonardo_da_Vinci,Leonardo_da_Vinci_31.jpg,0.960212549,0.071120992,1452 - 1519,1485
303,303,Leonardo_da_Vinci,Leonardo_da_Vinci_7.jpg,0.979932278,0.037939423,1452 - 1519,1485
304,304,Leonardo_da_Vinci,Leonardo_da_Vinci_6.jpg,0.944493921,0.084969665,1452 - 1519,1485
305,305,Leonardo_da_Vinci,Leonardo_da_Vinci_30.jpg,0.969872433,0.056677387,1452 - 1519,1485
306,306,Leonardo_da_Vinci,Leonardo_da_Vinci_24.jpg,0.949827297,0.093712461,1452 - 1519,1485
307,307,Leonardo_da_Vinci,Leonardo_da_Vinci_18.jpg,0.958150445,0.078594856,1452 - 1519,1485
308,308,Leonardo_da_Vinci,Leonardo_da_Vinci_32.jpg,0.952766519,0.084672913,1452 - 1519,1485
309,309,Leonardo_da_Vinci,Leonardo_da_Vinci_26.jpg,0.968866395,0.058714609,1452 - 1519,1485
310,310,Leonardo_da_Vinci,Leonardo_da_Vinci_4.jpg,0.916678927,0.148485551,1452 - 1519,1485
311,311,Leonardo_da_Vinci,Leonardo_da_Vinci_5.jpg,0.970505346,0.055371852,1452 - 1519,1485
312,312,Diego_Velazquez,Diego_Velazquez_113.jpg,0.936854966,0.115796485,1599 - 1660,1629
313,313,Diego_Velazquez,Diego_Velazquez_107.jpg,0.936632778,0.11514057,1599 - 1660,1629
314,314,Diego_Velazquez,Diego_Velazquez_106.jpg,0.970633644,0.055105021,1599 - 1660,1629
315,315,Diego_Velazquez,Diego_Velazquez_112.jpg,0.969486803,0.058036285,1599 - 1660,1629
316,316,Diego_Velazquez,Diego_Velazquez_104.jpg,0.871288372,0.199134625,1599 - 1660,1629
317,317,Diego_Velazquez,Diego_Velazquez_110.jpg,0.926547418,0.130219955,1599 - 1660,1629
318,318,Diego_Velazquez,Diego_Velazquez_111.jpg,0.928318246,0.123375547,1599 - 1660,1629
319,319,Diego_Velazquez,Diego_Velazquez_105.jpg,0.90170197,0.16057057,1599 - 1660,1629
320,320,Diego_Velazquez,Diego_Velazquez_101.jpg,0.942045869,0.106110926,1599 - 1660,1629
321,321,Diego_Velazquez,Diego_Velazquez_115.jpg,0.951467921,0.090337642,1599 - 1660,1629
322,322,Diego_Velazquez,Diego_Velazquez_114.jpg,0.958584786,0.076776467,1599 - 1660,1629
323,323,Diego_Velazquez,Diego_Velazquez_100.jpg,0.951937441,0.089870836,1599 - 1660,1629
324,324,Henri_Matisse,Henri_Matisse_175.jpg,0.956291133,0.080528082,1869 - 1954,1911
325,325,Henri_Matisse,Henri_Matisse_161.jpg,0.978878488,0.040077539,1869 - 1954,1911
326,326,Henri_Matisse,Henri_Matisse_149.jpg,0.95304112,0.086930299,1869 - 1954,1911
327,327,Henri_Matisse,Henri_Matisse_58.jpg,0.963723192,0.06781913,1869 - 1954,1911
328,328,Henri_Matisse,Henri_Matisse_64.jpg,0.927165995,0.133479313,1869 - 1954,1911
329,329,Henri_Matisse,Henri_Matisse_70.jpg,0.94273002,0.104940941,1869 - 1954,1911
330,330,Henri_Matisse,Henri_Matisse_71.jpg,0.950403661,0.092407008,1869 - 1954,1911
331,331,Henri_Matisse,Henri_Matisse_65.jpg,0.977004629,0.04346063,1869 - 1954,1911
332,332,Henri_Matisse,Henri_Matisse_59.jpg,0.96738666,0.060661833,1869 - 1954,1911
333,333,Henri_Matisse,Henri_Matisse_148.jpg,0.958223622,0.077171102,1869 - 1954,1911
334,334,Henri_Matisse,Henri_Matisse_160.jpg,0.969504426,0.057574269,1869 - 1954,1911
335,335,Henri_Matisse,Henri_Matisse_174.jpg,0.987606082,0.023244256,1869 - 1954,1911
336,336,Jan_van_Eyck,Jan_van_Eyck_38.jpg,0.971971183,0.052759849,1395 - 1441,1418
337,337,Jan_van_Eyck,Jan_van_Eyck_10.jpg,0.949163843,0.092518939,1395 - 1441,1418
338,338,Jan_van_Eyck,Jan_van_Eyck_11.jpg,0.938242908,0.111603814,1395 - 1441,1418
339,339,Jan_van_Eyck,Jan_van_Eyck_39.jpg,0.979402017,0.038899368,1395 - 1441,1418
340,340,Jan_van_Eyck,Jan_van_Eyck_13.jpg,0.896623476,0.178226251,1395 - 1441,1418
341,341,Jan_van_Eyck,Jan_van_Eyck_12.jpg,0.896039615,0.158354527,1395 - 1441,1418
342,342,Jan_van_Eyck,Jan_van_Eyck_16.jpg,0.933108874,0.115726396,1395 - 1441,1418
343,343,Jan_van_Eyck,Jan_van_Eyck_17.jpg,0.962712051,0.06868503,1395 - 1441,1418
344,344,Jan_van_Eyck,Jan_van_Eyck_15.jpg,0.957935133,0.079160234,1395 - 1441,1418
345,345,Jan_van_Eyck,Jan_van_Eyck_29.jpg,0.95449954,0.082342783,1395 - 1441,1418
346,346,Jan_van_Eyck,Jan_van_Eyck_28.jpg,0.953717197,0.083013599,1395 - 1441,1418
347,347,Jan_van_Eyck,Jan_van_Eyck_14.jpg,0.912603934,0.154677697,1395 - 1441,1418
348,348,Edgar_Degas,Edgar_Degas_455.jpg,0.946662886,0.098876511,1834 - 1917,1875
349,349,Edgar_Degas,Edgar_Degas_333.jpg,0.943941876,0.103104726,1834 - 1917,1875
350,350,Edgar_Degas,Edgar_Degas_47.jpg,0.91325938,0.15648469,1834 - 1917,1875
351,351,Edgar_Degas,Edgar_Degas_327.jpg,0.933585174,0.121867173,1834 - 1917,1875
352,352,Edgar_Degas,Edgar_Degas_53.jpg,0.96043905,0.072408657,1834 - 1917,1875
353,353,Edgar_Degas,Edgar_Degas_441.jpg,0.898559847,0.172306084,1834 - 1917,1875
354,354,Edgar_Degas,Edgar_Degas_469.jpg,0.977782283,0.04122433,1834 - 1917,1875
355,355,Edgar_Degas,Edgar_Degas_496.jpg,0.975476151,0.045724933,1834 - 1917,1875
356,356,Edgar_Degas,Edgar_Degas_84.jpg,0.962439193,0.069950791,1834 - 1917,1875
357,357,Edgar_Degas,Edgar_Degas_90.jpg,0.971828709,0.0530293,1834 - 1917,1875
358,358,Edgar_Degas,Edgar_Degas_482.jpg,0.98133532,0.03542835,1834 - 1917,1875
359,359,Edgar_Degas,Edgar_Degas_131.jpg,0.937831784,0.113613842,1834 - 1917,1875
360,360,Rembrandt,Rembrandt_133.jpg,0.967988122,0.060741383,1606 - 1669,1637
361,361,Rembrandt,Rembrandt_127.jpg,0.810051324,0.255858413,1606 - 1669,1637
362,362,Rembrandt,Rembrandt_99.jpg,0.921408977,0.136385868,1606 - 1669,1637
363,363,Rembrandt,Rembrandt_72.jpg,0.833455191,0.241592021,1606 - 1669,1637
364,364,Rembrandt,Rembrandt_66.jpg,0.908793523,0.156193265,1606 - 1669,1637
365,365,Rembrandt,Rembrandt_245.jpg,0.866617135,0.194805852,1606 - 1669,1637
366,366,Rembrandt,Rembrandt_251.jpg,0.86469731,0.204622985,1606 - 1669,1637
367,367,Rembrandt,Rembrandt_250.jpg,0.888101163,0.173100807,1606 - 1669,1637
368,368,Rembrandt,Rembrandt_244.jpg,0.970357915,0.05567229,1606 - 1669,1637
369,369,Rembrandt,Rembrandt_67.jpg,0.788871655,0.273058354,1606 - 1669,1637
370,370,Rembrandt,Rembrandt_73.jpg,0.919470223,0.14124477,1606 - 1669,1637
371,371,Rembrandt,Rembrandt_98.jpg,0.936502419,0.114127918,1606 - 1669,1637
372,372,Titian,Titian_232.jpg,0.927731106,0.130406435,1488 - 1576,1532
373,373,Titian,Titian_226.jpg,0.899797112,0.175626497,1488 - 1576,1532
374,374,Titian,Titian_144.jpg,0.909472646,0.153173101,1488 - 1576,1532
375,375,Titian,Titian_91.jpg,0.942488235,0.106737589,1488 - 1576,1532
376,376,Titian,Titian_85.jpg,0.93887566,0.111585445,1488 - 1576,1532
377,377,Titian,Titian_150.jpg,0.95170354,0.090148832,1488 - 1576,1532
378,378,Titian,Titian_178.jpg,0.951589607,0.088618938,1488 - 1576,1532
379,379,Titian,Titian_187.jpg,0.892373841,0.170723384,1488 - 1576,1532
380,380,Titian,Titian_52.jpg,0.923164921,0.139127838,1488 - 1576,1532
381,381,Titian,Titian_46.jpg,0.910251333,0.146006712,1488 - 1576,1532
382,382,Titian,Titian_193.jpg,0.920655103,0.136087108,1488 - 1576,1532
383,383,Titian,Titian_47.jpg,0.913240265,0.154196643,1488 - 1576,1532
384,384,Henri_de_Toulouse-Lautrec,Henri_de_Toulouse-Lautrec_12.jpg,0.9486894,0.089881563,1864 - 1901,1882
385,385,Henri_de_Toulouse-Lautrec,Henri_de_Toulouse-Lautrec_13.jpg,0.907410692,0.164625269,1864 - 1901,1882
386,386,Henri_de_Toulouse-Lautrec,Henri_de_Toulouse-Lautrec_39.jpg,0.964280809,0.067029919,1864 - 1901,1882
387,387,Henri_de_Toulouse-Lautrec,Henri_de_Toulouse-Lautrec_11.jpg,0.959887432,0.072550839,1864 - 1901,1882
388,388,Henri_de_Toulouse-Lautrec,Henri_de_Toulouse-Lautrec_10.jpg,0.870731697,0.206394436,1864 - 1901,1882
389,389,Henri_de_Toulouse-Lautrec,Henri_de_Toulouse-Lautrec_38.jpg,0.993628554,0.011764107,1864 - 1901,1882
390,390,Henri_de_Toulouse-Lautrec,Henri_de_Toulouse-Lautrec_14.jpg,0.93037828,0.120094624,1864 - 1901,1882
391,391,Henri_de_Toulouse-Lautrec,Henri_de_Toulouse-Lautrec_28.jpg,0.961658717,0.06871984,1864 - 1901,1882
392,392,Henri_de_Toulouse-Lautrec,Henri_de_Toulouse-Lautrec_9.jpg,0.976684696,0.043296527,1864 - 1901,1882
393,393,Henri_de_Toulouse-Lautrec,Henri_de_Toulouse-Lautrec_8.jpg,0.929481246,0.127234407,1864 - 1901,1882
394,394,Henri_de_Toulouse-Lautrec,Henri_de_Toulouse-Lautrec_29.jpg,0.959514697,0.074441483,1864 - 1901,1882
395,395,Henri_de_Toulouse-Lautrec,Henri_de_Toulouse-Lautrec_15.jpg,0.815086926,0.243785567,1864 - 1901,1882
396,396,Gustave_Courbet,Gustave_Courbet_3.jpg,0.919669624,0.140427973,1819 - 1877,1848
397,397,Gustave_Courbet,Gustave_Courbet_43.jpg,0.881104896,0.189514871,1819 - 1877,1848
398,398,Gustave_Courbet,Gustave_Courbet_57.jpg,0.94267912,0.104876695,1819 - 1877,1848
399,399,Gustave_Courbet,Gustave_Courbet_56.jpg,0.943140891,0.10456096,1819 - 1877,1848
400,400,Gustave_Courbet,Gustave_Courbet_42.jpg,0.919005248,0.14272465,1819 - 1877,1848
401,401,Gustave_Courbet,Gustave_Courbet_2.jpg,0.923028062,0.137531329,1819 - 1877,1848
402,402,Gustave_Courbet,Gustave_Courbet_54.jpg,0.941095372,0.108660847,1819 - 1877,1848
403,403,Gustave_Courbet,Gustave_Courbet_40.jpg,0.953695358,0.080067672,1819 - 1877,1848
404,404,Gustave_Courbet,Gustave_Courbet_41.jpg,0.905694211,0.162358542,1819 - 1877,1848
405,405,Gustave_Courbet,Gustave_Courbet_55.jpg,0.923212854,0.132521168,1819 - 1877,1848
406,406,Gustave_Courbet,Gustave_Courbet_1.jpg,0.991396081,0.016359664,1819 - 1877,1848
407,407,Gustave_Courbet,Gustave_Courbet_5.jpg,0.949900746,0.094355431,1819 - 1877,1848
408,408,Camille_Pissarro,Camille_Pissarro_9.jpg,0.978566597,0.036953975,1830 - 1903,1866
409,409,Camille_Pissarro,Camille_Pissarro_67.jpg,0.96444082,0.06333198,1830 - 1903,1866
410,410,Camille_Pissarro,Camille_Pissarro_73.jpg,0.973366219,0.05043294,1830 - 1903,1866
411,411,Camille_Pissarro,Camille_Pissarro_72.jpg,0.972396244,0.052152275,1830 - 1903,1866
412,412,Camille_Pissarro,Camille_Pissarro_66.jpg,0.961296346,0.072706901,1830 - 1903,1866
413,413,Camille_Pissarro,Camille_Pissarro_8.jpg,0.965570324,0.063876796,1830 - 1903,1866
414,414,Camille_Pissarro,Camille_Pissarro_70.jpg,0.987732243,0.023371764,1830 - 1903,1866
415,415,Camille_Pissarro,Camille_Pissarro_64.jpg,0.96307492,0.068992785,1830 - 1903,1866
416,416,Camille_Pissarro,Camille_Pissarro_58.jpg,0.972272463,0.052726408,1830 - 1903,1866
417,417,Camille_Pissarro,Camille_Pissarro_59.jpg,0.980041514,0.038146211,1830 - 1903,1866
418,418,Camille_Pissarro,Camille_Pissarro_65.jpg,0.97136098,0.054693559,1830 - 1903,1866
419,419,Camille_Pissarro,Camille_Pissarro_71.jpg,0.980689716,0.036527871,1830 - 1903,1866
420,420,William_Turner,William_Turner_12.jpg,0.963909685,0.067158644,1775 - 1851,1813
421,421,William_Turner,William_Turner_13.jpg,0.938529604,0.110287681,1775 - 1851,1813
422,422,William_Turner,William_Turner_11.jpg,0.935536764,0.116422306,1775 - 1851,1813
423,423,William_Turner,William_Turner_39.jpg,0.951448159,0.090510843,1775 - 1851,1813
424,424,William_Turner,William_Turner_38.jpg,0.958679375,0.076850878,1775 - 1851,1813
425,425,William_Turner,William_Turner_10.jpg,0.952814825,0.086830319,1775 - 1851,1813
426,426,William_Turner,William_Turner_28.jpg,0.973382049,0.050516725,1775 - 1851,1813
427,427,William_Turner,William_Turner_14.jpg,0.928256883,0.131377047,1775 - 1851,1813
428,428,William_Turner,William_Turner_15.jpg,0.950662555,0.091878469,1775 - 1851,1813
429,429,William_Turner,William_Turner_29.jpg,0.978329387,0.041193005,1775 - 1851,1813
430,430,William_Turner,William_Turner_17.jpg,0.932080333,0.11986452,1775 - 1851,1813
431,431,William_Turner,William_Turner_16.jpg,0.952411652,0.088373433,1775 - 1851,1813
432,432,Edvard_Munch,Edvard_Munch_49.jpg,0.964242901,0.066865846,1863 - 1944,1903
433,433,Edvard_Munch,Edvard_Munch_61.jpg,0.953826423,0.0840264,1863 - 1944,1903
434,434,Edvard_Munch,Edvard_Munch_4.jpg,0.962785462,0.069482714,1863 - 1944,1903
435,435,Edvard_Munch,Edvard_Munch_5.jpg,0.953414968,0.085911405,1863 - 1944,1903
436,436,Edvard_Munch,Edvard_Munch_60.jpg,0.932437595,0.122640552,1863 - 1944,1903
437,437,Edvard_Munch,Edvard_Munch_48.jpg,0.927152289,0.131114624,1863 - 1944,1903
438,438,Edvard_Munch,Edvard_Munch_62.jpg,0.959832408,0.074610024,1863 - 1944,1903
439,439,Edvard_Munch,Edvard_Munch_7.jpg,0.936689026,0.1155222,1863 - 1944,1903
440,440,Edvard_Munch,Edvard_Munch_6.jpg,0.956350675,0.081461033,1863 - 1944,1903
441,441,Edvard_Munch,Edvard_Munch_63.jpg,0.985116415,0.027836954,1863 - 1944,1903
442,442,Edvard_Munch,Edvard_Munch_67.jpg,0.969038034,0.05855558,1863 - 1944,1903
443,443,Edvard_Munch,Edvard_Munch_2.jpg,0.998716409,0.00237346,1863 - 1944,1903
444,444,Paul_Cezanne,Paul_Cezanne_18.jpg,0.932838604,0.118790576,1839 - 1906,1872
445,445,Paul_Cezanne,Paul_Cezanne_30.jpg,0.92718062,0.13239327,1839 - 1906,1872
446,446,Paul_Cezanne,Paul_Cezanne_24.jpg,0.94882465,0.095909734,1839 - 1906,1872
447,447,Paul_Cezanne,Paul_Cezanne_25.jpg,0.927485186,0.132460895,1839 - 1906,1872
448,448,Paul_Cezanne,Paul_Cezanne_31.jpg,0.959062818,0.076818722,1839 - 1906,1872
449,449,Paul_Cezanne,Paul_Cezanne_19.jpg,0.97683847,0.04314682,1839 - 1906,1872
450,450,Paul_Cezanne,Paul_Cezanne_27.jpg,0.972214051,0.052012654,1839 - 1906,1872
451,451,Paul_Cezanne,Paul_Cezanne_33.jpg,0.944341721,0.095397921,1839 - 1906,1872
452,452,Paul_Cezanne,Paul_Cezanne_32.jpg,0.93947437,0.110883251,1839 - 1906,1872
453,453,Paul_Cezanne,Paul_Cezanne_26.jpg,0.887905291,0.178063964,1839 - 1906,1872
454,454,Paul_Cezanne,Paul_Cezanne_22.jpg,0.964694024,0.066081742,1839 - 1906,1872
455,455,Paul_Cezanne,Paul_Cezanne_36.jpg,0.91217493,0.154986648,1839 - 1906,1872
456,456,Eugene_Delacroix,Eugene_Delacroix_19.jpg,0.933607174,0.120084028,1798 - 1863,1830
457,457,Eugene_Delacroix,Eugene_Delacroix_31.jpg,0.952361869,0.085528606,1798 - 1863,1830
458,458,Eugene_Delacroix,Eugene_Delacroix_25.jpg,0.971982683,0.051485464,1798 - 1863,1830
459,459,Eugene_Delacroix,Eugene_Delacroix_24.jpg,0.944559977,0.099698225,1798 - 1863,1830
460,460,Eugene_Delacroix,Eugene_Delacroix_30.jpg,0.940865655,0.10686546,1798 - 1863,1830
461,461,Eugene_Delacroix,Eugene_Delacroix_18.jpg,0.938289873,0.113355154,1798 - 1863,1830
462,462,Eugene_Delacroix,Eugene_Delacroix_8.jpg,0.958970329,0.077293116,1798 - 1863,1830
463,463,Eugene_Delacroix,Eugene_Delacroix_26.jpg,0.940249733,0.111385654,1798 - 1863,1830
464,464,Eugene_Delacroix,Eugene_Delacroix_27.jpg,0.951923129,0.089366902,1798 - 1863,1830
465,465,Eugene_Delacroix,Eugene_Delacroix_9.jpg,0.954456504,0.08442893,1798 - 1863,1830
466,466,Eugene_Delacroix,Eugene_Delacroix_23.jpg,0.81352386,0.244779731,1798 - 1863,1830
467,467,Eugene_Delacroix,Eugene_Delacroix_22.jpg,0.918025188,0.145291605,1798 - 1863,1830
468,468,Henri_Rousseau,Henri_Rousseau_16.jpg,0.971376709,0.05375917,1844 - 1910,1877
469,469,Henri_Rousseau,Henri_Rousseau_17.jpg,0.957132354,0.079698186,1844 - 1910,1877
470,470,Henri_Rousseau,Henri_Rousseau_15.jpg,0.930754536,0.126413998,1844 - 1910,1877
471,471,Henri_Rousseau,Henri_Rousseau_29.jpg,0.933140033,0.119833111,1844 - 1910,1877
472,472,Henri_Rousseau,Henri_Rousseau_28.jpg,0.950770934,0.091488073,1844 - 1910,1877
473,473,Henri_Rousseau,Henri_Rousseau_14.jpg,0.930656759,0.122999844,1844 - 1910,1877
474,474,Henri_Rousseau,Henri_Rousseau_38.jpg,0.970799313,0.054590507,1844 - 1910,1877
475,475,Henri_Rousseau,Henri_Rousseau_10.jpg,0.951656328,0.08978775,1844 - 1910,1877
476,476,Henri_Rousseau,Henri_Rousseau_11.jpg,0.96512757,0.065099544,1844 - 1910,1877
477,477,Henri_Rousseau,Henri_Rousseau_39.jpg,0.941415724,0.107223097,1844 - 1910,1877
478,478,Henri_Rousseau,Henri_Rousseau_13.jpg,0.962770375,0.069922134,1844 - 1910,1877
479,479,Henri_Rousseau,Henri_Rousseau_12.jpg,0.972141475,0.051711657,1844 - 1910,1877
480,480,Georges_Seurat,Georges_Seurat_13.jpg,0.989493312,0.019772222,1859 - 1891,1875
481,481,Georges_Seurat,Georges_Seurat_12.jpg,0.956570778,0.081229682,1859 - 1891,1875
482,482,Georges_Seurat,Georges_Seurat_8.jpg,0.986213952,0.026194976,1859 - 1891,1875
483,483,Georges_Seurat,Georges_Seurat_10.jpg,0.961714893,0.072856717,1859 - 1891,1875
484,484,Georges_Seurat,Georges_Seurat_38.jpg,0.939054819,0.110648977,1859 - 1891,1875
485,485,Georges_Seurat,Georges_Seurat_39.jpg,0.944592199,0.10309857,1859 - 1891,1875
486,486,Georges_Seurat,Georges_Seurat_11.jpg,0.986863416,0.025029505,1859 - 1891,1875
487,487,Georges_Seurat,Georges_Seurat_9.jpg,0.97339503,0.048711847,1859 - 1891,1875
488,488,Georges_Seurat,Georges_Seurat_29.jpg,0.969349781,0.058276043,1859 - 1891,1875
489,489,Georges_Seurat,Georges_Seurat_15.jpg,0.943333077,0.105998408,1859 - 1891,1875
490,490,Georges_Seurat,Georges_Seurat_14.jpg,0.987711052,0.023483003,1859 - 1891,1875
491,491,Georges_Seurat,Georges_Seurat_28.jpg,0.974416011,0.048265056,1859 - 1891,1875
492,492,Paul_Klee,Paul_Klee_47.jpg,0.938251209,0.107490991,1879 - 1940,1909
493,493,Paul_Klee,Paul_Klee_53.jpg,0.959073768,0.076381765,1879 - 1940,1909
494,494,Paul_Klee,Paul_Klee_84.jpg,0.964634485,0.065362295,1879 - 1940,1909
495,495,Paul_Klee,Paul_Klee_90.jpg,0.962870771,0.064660112,1879 - 1940,1909
496,496,Paul_Klee,Paul_Klee_180.jpg,0.961756204,0.070117609,1879 - 1940,1909
497,497,Paul_Klee,Paul_Klee_157.jpg,0.957496155,0.080359033,1879 - 1940,1909
498,498,Paul_Klee,Paul_Klee_143.jpg,0.962440046,0.068308373,1879 - 1940,1909
499,499,Paul_Klee,Paul_Klee_142.jpg,0.942491846,0.103802381,1879 - 1940,1909
500,500,Paul_Klee,Paul_Klee_156.jpg,0.913999387,0.152048333,1879 - 1940,1909
501,501,Paul_Klee,Paul_Klee_181.jpg,0.978209532,0.041132488,1879 - 1940,1909
502,502,Paul_Klee,Paul_Klee_91.jpg,0.957767288,0.068516327,1879 - 1940,1909
503,503,Paul_Klee,Paul_Klee_85.jpg,0.953705324,0.085225749,1879 - 1940,1909
504,504,Piet_Mondrian,Piet_Mondrian_38.jpg,0.903630667,0.170709929,1872  - 1944,1908
505,505,Piet_Mondrian,Piet_Mondrian_10.jpg,0.948951876,0.093997721,1872 - 1944,1908
506,506,Piet_Mondrian,Piet_Mondrian_11.jpg,0.859387903,0.219987087,1872  - 1944,1908
507,507,Piet_Mondrian,Piet_Mondrian_39.jpg,0.897929185,0.181091402,1872  - 1944,1908
508,508,Piet_Mondrian,Piet_Mondrian_13.jpg,0.902583947,0.171133507,1872  - 1944,1908
509,509,Piet_Mondrian,Piet_Mondrian_12.jpg,0.703428117,0.288083098,1872  - 1944,1908
510,510,Piet_Mondrian,Piet_Mondrian_16.jpg,0.93889955,0.113578028,1872  - 1944,1908
511,511,Piet_Mondrian,Piet_Mondrian_17.jpg,0.906458369,0.163579297,1872  - 1944,1908
512,512,Piet_Mondrian,Piet_Mondrian_15.jpg,0.87357868,0.207834902,1872  - 1944,1908
513,513,Piet_Mondrian,Piet_Mondrian_29.jpg,0.960304253,0.074306101,1872  - 1944,1908
514,514,Piet_Mondrian,Piet_Mondrian_28.jpg,0.871810387,0.206972667,1872  - 1944,1908
515,515,Piet_Mondrian,Piet_Mondrian_14.jpg,0.942054748,0.110328291,1872  - 1944,1908
516,516,Joan_Miro,Joan_Miro_48.jpg,0.936826797,0.111769458,1893 - 1983,1938
517,517,Joan_Miro,Joan_Miro_74.jpg,0.986373342,0.025852966,1893 - 1983,1938
518,518,Joan_Miro,Joan_Miro_60.jpg,0.881421465,0.177178881,1893 - 1983,1938
519,519,Joan_Miro,Joan_Miro_6.jpg,0.93625453,0.117536007,1893 - 1983,1938
520,520,Joan_Miro,Joan_Miro_7.jpg,0.91243694,0.142639133,1893 - 1983,1938
521,521,Joan_Miro,Joan_Miro_61.jpg,0.978259505,0.037806355,1893 - 1983,1938
522,522,Joan_Miro,Joan_Miro_75.jpg,0.936167462,0.114853222,1893 - 1983,1938
523,523,Joan_Miro,Joan_Miro_49.jpg,0.930700839,0.125352554,1893 - 1983,1938
524,524,Joan_Miro,Joan_Miro_63.jpg,0.872442517,0.197859074,1893 - 1983,1938
525,525,Joan_Miro,Joan_Miro_77.jpg,0.949803191,0.092930448,1893 - 1983,1938
526,526,Joan_Miro,Joan_Miro_88.jpg,0.956959924,0.074400938,1893 - 1983,1938
527,527,Joan_Miro,Joan_Miro_5.jpg,0.860840539,0.200443205,1893 - 1983,1938
528,528,Andy_Warhol,Andy_Warhol_146.jpg,0.608289496,0.320584679,1928 - 1987,1957
529,529,Andy_Warhol,Andy_Warhol_152.jpg,0.928419122,0.119407195,1928 - 1987,1957
530,530,Andy_Warhol,Andy_Warhol_82.jpg,0.942017932,0.092014039,1928 - 1987,1957
531,531,Andy_Warhol,Andy_Warhol_96.jpg,0.629584647,0.312825806,1928 - 1987,1957
532,532,Andy_Warhol,Andy_Warhol_69.jpg,0.925329248,0.120743102,1928 - 1987,1957
533,533,Andy_Warhol,Andy_Warhol_41.jpg,0.910005512,0.133907063,1928 - 1987,1957
534,534,Andy_Warhol,Andy_Warhol_55.jpg,0.918533871,0.132984842,1928 - 1987,1957
535,535,Andy_Warhol,Andy_Warhol_54.jpg,0.859942088,0.196310276,1928 - 1987,1957
536,536,Andy_Warhol,Andy_Warhol_40.jpg,0.984694084,0.026616055,1928 - 1987,1957
537,537,Andy_Warhol,Andy_Warhol_68.jpg,0.890488372,0.148453862,1928 - 1987,1957
538,538,Andy_Warhol,Andy_Warhol_97.jpg,0.921417849,0.125083054,1928 - 1987,1957
539,539,Andy_Warhol,Andy_Warhol_83.jpg,0.93667049,0.108142832,1928 - 1987,1957
540,540,Paul_Gauguin,Paul_Gauguin_299.jpg,0.964997825,0.065677817,1848 - 1903,1875
541,541,Paul_Gauguin,Paul_Gauguin_266.jpg,0.982313671,0.032948939,1848 - 1903,1875
542,542,Paul_Gauguin,Paul_Gauguin_272.jpg,0.93944335,0.111755032,1848 - 1903,1875
543,543,Paul_Gauguin,Paul_Gauguin_99.jpg,0.967843198,0.06093142,1848 - 1903,1875
544,544,Paul_Gauguin,Paul_Gauguin_306.jpg,0.938263338,0.113145458,1848 - 1903,1875
545,545,Paul_Gauguin,Paul_Gauguin_72.jpg,0.943257535,0.104769084,1848 - 1903,1875
546,546,Paul_Gauguin,Paul_Gauguin_66.jpg,0.942534968,0.106540515,1848 - 1903,1875
547,547,Paul_Gauguin,Paul_Gauguin_110.jpg,0.917965863,0.149535945,1848 - 1903,1875
548,548,Paul_Gauguin,Paul_Gauguin_104.jpg,0.928587256,0.129789558,1848 - 1903,1875
549,549,Paul_Gauguin,Paul_Gauguin_138.jpg,0.993557224,0.012147752,1848 - 1903,1875
550,550,Paul_Gauguin,Paul_Gauguin_139.jpg,0.938532835,0.109284252,1848 - 1903,1875
551,551,Paul_Gauguin,Paul_Gauguin_105.jpg,0.960974423,0.070822173,1848 - 1903,1875
552,552,Raphael,Raphael_106.jpg,0.802673737,0.257965849,1483 -1520,1501
553,553,Raphael,Raphael_18.jpg,0.981529407,0.034584987,1483 - 1520,1501
554,554,Raphael,Raphael_24.jpg,0.927231392,0.131594261,1484 -1520,1502
555,555,Raphael,Raphael_30.jpg,0.942195812,0.095562299,1484 - 1520,1502
556,556,Raphael,Raphael_31.jpg,0.946974844,0.097621211,1485 -1520,1502
557,557,Raphael,Raphael_25.jpg,0.931049922,0.126007839,1485 - 1520,1502
558,558,Raphael,Raphael_19.jpg,0.875731085,0.180476073,1486 -1520,1503
559,559,Raphael,Raphael_107.jpg,0.763325713,0.272814746,1486 - 1520,1503
560,560,Raphael,Raphael_105.jpg,0.918393766,0.143397425,1487 -1520,1503
561,561,Raphael,Raphael_33.jpg,0.92031956,0.141779387,1487 - 1520,1503
562,562,Raphael,Raphael_27.jpg,0.935106439,0.117414,1488 -1520,1504
563,563,Raphael,Raphael_26.jpg,0.88806284,0.177005713,1488 - 1520,1504
564,564,Michelangelo,Michelangelo_45.jpg,0.94266003,0.105761036,1475 - 1564,1519
565,565,Michelangelo,Michelangelo_44.jpg,0.913458961,0.130135675,1475 - 1564,1519
566,566,Michelangelo,Michelangelo_46.jpg,0.960544481,0.073979733,1475 - 1564,1519
567,567,Michelangelo,Michelangelo_47.jpg,0.937857856,0.112979272,1475 - 1564,1519
568,568,Michelangelo,Michelangelo_43.jpg,0.921006835,0.143412145,1475 - 1564,1519
569,569,Michelangelo,Michelangelo_42.jpg,0.943266673,0.105638501,1475 - 1564,1519
570,570,Michelangelo,Michelangelo_40.jpg,0.933575236,0.121173509,1475 - 1564,1519
571,571,Michelangelo,Michelangelo_9.jpg,0.966726092,0.062855368,1475 - 1564,1519
572,572,Michelangelo,Michelangelo_8.jpg,0.945020905,0.103261345,1475 - 1564,1519
573,573,Michelangelo,Michelangelo_41.jpg,0.936586192,0.116655717,1475 - 1564,1519
574,574,Michelangelo,Michelangelo_26.jpg,0.96795258,0.060349782,1475 - 1564,1519
575,575,Michelangelo,Michelangelo_32.jpg,0.953344421,0.08732126,1475 - 1564,1519
576,576,Jackson_Pollock,Jackson_Pollock_6.jpg,0.992288558,0.014766363,1912 - 1956,1934
577,577,Jackson_Pollock,Jackson_Pollock_7.jpg,0.976361522,0.045021467,1912 - 1956,1934
578,578,Jackson_Pollock,Jackson_Pollock_19.jpg,0.989882598,0.019354331,1912 - 1956,1934
579,579,Jackson_Pollock,Jackson_Pollock_5.jpg,0.987381558,0.024105999,1912 - 1956,1934
580,580,Jackson_Pollock,Jackson_Pollock_4.jpg,0.987626498,0.023605587,1912 - 1956,1934
581,581,Jackson_Pollock,Jackson_Pollock_24.jpg,0.98325412,0.031823249,1912 - 1956,1934
582,582,Jackson_Pollock,Jackson_Pollock_18.jpg,0.986333978,0.025199454,1912 - 1956,1934
583,583,Jackson_Pollock,Jackson_Pollock_20.jpg,0.98825282,0.02239584,1912 - 1956,1934
584,584,Jackson_Pollock,Jackson_Pollock_1.jpg,0.990831445,0.017527502,1912 - 1956,1934
585,585,Jackson_Pollock,Jackson_Pollock_21.jpg,0.972211583,0.052422819,1912 - 1956,1934
586,586,Jackson_Pollock,Jackson_Pollock_23.jpg,0.964977901,0.064559933,1912 - 1956,1934
587,587,Jackson_Pollock,Jackson_Pollock_3.jpg,0.984193175,0.030237868,1912 - 1956,1934
